./archive-events.php:	news_archive
./archive-events.php:	event_archive
./archive-events.php:	event_date
./archive-events.php:	event_type
./archive-events.php:	event_date
./archive-events.php:	event_location
./archive-events.php:	event_end
./archive-events.php:	event_intro
./attachments.php:	product_version
./attachments.php:	release_date
./attachments.php.001:	ddate
./footer.php:	social
./footer.php:	gtm_property
./header.php:	ga_property
./header.php:	gtm_property
./header.php:	google_site_verification
./header.php:	bing_site_verification
./header.php:	social
./inc/cb-news.php:	event_date
./inc/cb-news.php:	event_location
./inc/cb-news.php:	event_end
./inc/cb-news.php:	event_intro
./inc/cb-utility.php:	contact_address
./inc/cb-utility.php:	contact_phone
./inc/cb-utility.php:	contact_email
./inc/cb-utility.php:	social
./index.php:	news_archive
./page-templates/blocks/cb_aggregate_plant.php:	bin_silo_hopper
./page-templates/blocks/cb_aggregate_plant.php:	belt_conveyor
./page-templates/blocks/cb_aggregate_plant.php:	mixer
./page-templates/blocks/cb_aggregate_plant.php:	control_room
./page-templates/blocks/cb_application_hero.php:	background
./page-templates/blocks/cb_application_hero.php:	title
./page-templates/blocks/cb_application_hero.php:	icon
./page-templates/blocks/cb_application_icons.php:	applications
./page-templates/blocks/cb_benefits.php:	benefits
./page-templates/blocks/cb_benefits.php:	benefits_copy
./page-templates/blocks/cb_breakout.php:	background
./page-templates/blocks/cb_breakout.php:	content
./page-templates/blocks/cb_children.php:	title
./page-templates/blocks/cb_children_icons.php:	title
./page-templates/blocks/cb_children_icons.php:	your_application
./page-templates/blocks/cb_downloads.php:	release_date
./page-templates/blocks/cb_filtered_news.php:	tags
./page-templates/blocks/cb_filtered_news.php:	event_type
./page-templates/blocks/cb_filtered_news.php:	event_date
./page-templates/blocks/cb_filtered_news.php:	event_location
./page-templates/blocks/cb_hero.php:	slides
./page-templates/blocks/cb_hero_short.php:	title
./page-templates/blocks/cb_hs_form.php:	hs_form
./page-templates/blocks/cb_hs_form.php:	title
./page-templates/blocks/cb_installation_points.php:	installation_point
./page-templates/blocks/cb_installation_points.php:	applications
./page-templates/blocks/cb_latest.php:	event_type
./page-templates/blocks/cb_latest.php:	event_date
./page-templates/blocks/cb_latest.php:	event_location
./page-templates/blocks/cb_material_process_cards.php:	title_1
./page-templates/blocks/cb_material_process_cards.php:	card_1
./page-templates/blocks/cb_material_process_cards.php:	title_2
./page-templates/blocks/cb_material_process_cards.php:	processes
./page-templates/blocks/cb_process_benefits.php:	intro
./page-templates/blocks/cb_process_benefits.php:	benefits
./page-templates/blocks/cb_process_cards.php:	show_title
./page-templates/blocks/cb_process_cards.php:	cards
./page-templates/blocks/cb_process_cards.php:                $s = get_field($step, 
./page-templates/blocks/cb_process_cards.php:	show_text
./page-templates/blocks/cb_process_overview.php:	installation_point
./page-templates/blocks/cb_process_overview.php:	intro
./page-templates/blocks/cb_process_overview.php:	benefits
./page-templates/blocks/cb_products.php:	products
./page-templates/blocks/cb_products.php:	hero_subtitle
./page-templates/blocks/cb_products_by_application.php:	product_application
./page-templates/blocks/cb_products_by_industry.php:	industry
./page-templates/blocks/cb_products_by_process.php:	process
./page-templates/blocks/cb_products_by_type.php:	product_type
./page-templates/blocks/cb_product_range_nav.php:	background
./page-templates/blocks/cb_related_downloads--notabs.php:	related_by
./page-templates/blocks/cb_related_downloads--notabs.php:	background
./page-templates/blocks/cb_related_downloads.php:	related_by
./page-templates/blocks/cb_single_post.php:	post
./page-templates/blocks/cb_single_post.php:	cta_colour
./page-templates/blocks/cb_stat_block.php:	stat_1
./page-templates/blocks/cb_stat_block.php:	stat_2
./page-templates/blocks/cb_stat_block.php:	stat_3
./page-templates/blocks/cb_stat_block.php:	after_content
./page-templates/blocks/cb_steps.php:	title
./page-templates/blocks/cb_text_image.php:	order
./page-templates/blocks/cb_text_image.php:	split
./page-templates/blocks/cb_text_image.php:	theme
./page-templates/blocks/cb_text_image.php:	title
./page-templates/blocks/cb_text_image.php:	content
./page-templates/blocks/cb_text_image.php:	cta
./page-templates/blocks/cb_text_image.php:	image
./page-templates/blocks/cb_text_video.php:	order
./page-templates/blocks/cb_text_video.php:	background
./page-templates/blocks/cb_text_video.php:	title
./page-templates/blocks/cb_text_video.php:	subtitle
./page-templates/blocks/cb_text_video.php:	content
./page-templates/blocks/cb_text_video.php:	cta
./page-templates/blocks/cb_text_video.php:	vimeo_id
./page-templates/blocks/cb_three_cards.php:	card_1
./page-templates/blocks/cb_three_cards.php:	process_steps
./page-templates/blocks/cb_three_col_nav.php:	app_content
./page-templates/blocks/cb_three_col_nav.php:	ben_content
./page-templates/blocks/cb_three_col_nav.php:	pc_content
./page-templates/blocks/cb_three_col_video.php:	title
./page-templates/blocks/cb_two_posts.php:	post
./page-templates/blocks/cb_two_posts.php:	post_2
./page-templates/blocks/cb_two_posts.php:	cta_colour
./page-templates/contact-sidebar.php:	ho_areas_served
./page-templates/contact-sidebar.php:	ho_phone
./page-templates/contact-sidebar.php:	ho_enquiries_email
./page-templates/contact-sidebar.php:	ho_support_email
./page-templates/contact-sidebar.php:	ho_service_email
./page-templates/contact-sidebar.php:	us_areas_served
./page-templates/contact-sidebar.php:	us_address
./page-templates/contact-sidebar.php:	us_phone
./page-templates/contact-sidebar.php:	us_email
./page-templates/contact-sidebar.php:	eu_areas_served
./page-templates/contact-sidebar.php:	eu_phone
./page-templates/contact-sidebar.php:	eu_fax
./page-templates/contact-sidebar.php:	eu_email
./page-templates/contact-sidebar.php:	fr_areas_served
./page-templates/contact-sidebar.php:	fr_phone
./page-templates/contact-sidebar.php:	fr_email
./page-templates/contact-sidebar.php:	cn_areas_served
./page-templates/contact-sidebar.php:	fr_phone
./page-templates/contact-us.php:	contact_form
./page-templates/contact-us.php:	ho_areas_served
./page-templates/contact-us.php:	ho_intro
./page-templates/contact-us.php:	ho_address
./page-templates/contact-us.php:	directions_link
./page-templates/contact-us.php:	ho_phone
./page-templates/contact-us.php:	ho_enquiries_email
./page-templates/contact-us.php:	ho_support_email
./page-templates/contact-us.php:	ho_service_email
./page-templates/contact-us.php:	ho_map_url
./page-templates/contact-us.php:	eu_areas_served
./page-templates/contact-us.php:	eu_locality
./page-templates/contact-us.php:	eu_phone
./page-templates/contact-us.php:	eu_fax
./page-templates/contact-us.php:	eu_email
./page-templates/contact-us.php:	fr_areas_served
./page-templates/contact-us.php:	fr_locality
./page-templates/contact-us.php:	fr_phone
./page-templates/contact-us.php:	fr_email
./page-templates/contact-us.php:	cn_areas_served
./page-templates/contact-us.php:	cn_locality
./page-templates/contact-us.php:	cn_phone
./page-templates/contact-us.php:	us_areas_served
./page-templates/contact-us.php:	us_locality
./page-templates/contact-us.php:	us_address
./page-templates/contact-us.php:	us_phone_tf
./page-templates/contact-us.php:	us_phone
./page-templates/contact-us.php:	us_mobile_tf
./page-templates/contact-us.php:	us_mobile
./page-templates/contact-us.php:	us_email
./page-templates/contact-us.php:	ho_phone
./page-templates/contact-us.php:	us_phone
./page-templates/contact-us.php:	us_phone_tf
./page-templates/contact-us.php:	eu_phone
./page-templates/contact-us.php:	fr_phone
./page-templates/resources.php:	event_date
./page-templates/resources.php:	event_location
./products_by_industry_process_temp.php:	hero_subtitle
./search.php:	contact_form
./single-events.php:	event_location
./single-events.php:	event_end
./single-events.php:	event_date
./single-events.php:	event_location
./single-events.php:	event_end
./single-events.php:	event_date
./single-events.php:	event_detail
./single-events.php:	event_booking_link
./single-news.php:	profile_image
./single-products.php:	hero_background
./single-products.php:	hero_subtitle
./single-products.php:	detail_bg
./single-products.php:	installation_points
./single-products.php:	installation_by_connectivity
./single-products.php:	accessories
./single-products.php:	interfaces
./single-products.php:	products
./single-products.php:	overview
./single-products.php:	typical_materials
./single-products.php:	installation
./single-products.php:	key_features
./single-products.php:	views
./single-products.php:	video_id
./single-products.php:	vimeo_id
./single-products.php:	installation_points
./single-products.php:	image
./single-products.php:	installation_by_connectivity
./single-products.php:	accessories
./single-products.php:	features
./single-products.php:	interfaces
./single-products.php:	enquiry_form
./single-products.php:	product_code
./single.php:	profile_image
